{"mse_loss_mean": 12.451650487808955, "mse_loss_std": NaN, "mse_lngam_mean": 12.451650487808955, "mse_lngam_std": NaN, "rmse_lngam_mean": 3.5286896275825894, "rmse_lngam_std": NaN, "mse_lngam1_mean": 12.6760148309526, "mse_lngam1_std": NaN, "mse_lngam2_mean": 12.227286174751463, "mse_lngam2_std": NaN, "mse_gd_mean": 6.983886826870702e-14, "mse_gd_std": NaN, "rmse_gd_mean": 2.642704453182516e-07, "rmse_gd_std": NaN}