{"mse_GD_for_solv1x0.0_mean": 1.8985455772064196e-15, "mse_GD_for_solv1x0.0_std": NaN, "mae_GD_for_solv1x0.0_mean": 1.344943711956148e-08, "mae_GD_for_solv1x0.0_std": NaN, "mse_GD_for_solv1x0.05_mean": 1.7561078730510965e-13, "mse_GD_for_solv1x0.05_std": NaN, "mae_GD_for_solv1x0.05_mean": 2.6104166295226605e-07, "mae_GD_for_solv1x0.05_std": NaN, "mse_GD_for_solv1x0.1_mean": 1.5118197763553526e-13, "mse_GD_for_solv1x0.1_std": NaN, "mae_GD_for_solv1x0.1_mean": 2.3589748820995737e-07, "mae_GD_for_solv1x0.1_std": NaN, "mse_GD_for_solv1x0.15_mean": 1.127599126267767e-13, "mse_GD_for_solv1x0.15_std": NaN, "mae_GD_for_solv1x0.15_mean": 2.078063516819384e-07, "mae_GD_for_solv1x0.15_std": NaN, "mse_GD_for_solv1x0.2_mean": 8.468098726573114e-14, "mse_GD_for_solv1x0.2_std": NaN, "mae_GD_for_solv1x0.2_mean": 1.7812054409205302e-07, "mae_GD_for_solv1x0.2_std": NaN, "mse_GD_for_solv1x0.25_mean": 6.600707529386476e-14, "mse_GD_for_solv1x0.25_std": NaN, "mae_GD_for_solv1x0.25_mean": 1.5362007843577885e-07, "mae_GD_for_solv1x0.25_std": NaN, "mse_GD_for_solv1x0.3_mean": 4.9305814964727135e-14, "mse_GD_for_solv1x0.3_std": NaN, "mae_GD_for_solv1x0.3_mean": 1.3044660818195553e-07, "mae_GD_for_solv1x0.3_std": NaN, "mse_GD_for_solv1x0.35_mean": 3.647385873688756e-14, "mse_GD_for_solv1x0.35_std": NaN, "mae_GD_for_solv1x0.35_mean": 1.0765962343839419e-07, "mae_GD_for_solv1x0.35_std": NaN, "mse_GD_for_solv1x0.4_mean": 2.4968300200273706e-14, "mse_GD_for_solv1x0.4_std": NaN, "mae_GD_for_solv1x0.4_mean": 8.717204025288083e-08, "mae_GD_for_solv1x0.4_std": NaN, "mse_GD_for_solv1x0.45_mean": 2.0482115556017498e-14, "mse_GD_for_solv1x0.45_std": NaN, "mae_GD_for_solv1x0.45_mean": 7.292285886251193e-08, "mae_GD_for_solv1x0.45_std": NaN, "mse_GD_for_solv1x0.5_mean": 1.8769259082607008e-14, "mse_GD_for_solv1x0.5_std": NaN, "mae_GD_for_solv1x0.5_mean": 6.643734451472483e-08, "mae_GD_for_solv1x0.5_std": NaN, "mse_GD_for_solv1x0.55_mean": 1.9591487517033913e-14, "mse_GD_for_solv1x0.55_std": NaN, "mae_GD_for_solv1x0.55_mean": 7.308615579404432e-08, "mae_GD_for_solv1x0.55_std": NaN, "mse_GD_for_solv1x0.6_mean": 2.643394333176445e-14, "mse_GD_for_solv1x0.6_std": NaN, "mae_GD_for_solv1x0.6_mean": 8.90215616777823e-08, "mae_GD_for_solv1x0.6_std": NaN, "mse_GD_for_solv1x0.65_mean": 3.4068786610190124e-14, "mse_GD_for_solv1x0.65_std": NaN, "mae_GD_for_solv1x0.65_mean": 1.0714263254385514e-07, "mae_GD_for_solv1x0.65_std": NaN, "mse_GD_for_solv1x0.7_mean": 4.857779692282564e-14, "mse_GD_for_solv1x0.7_std": NaN, "mae_GD_for_solv1x0.7_mean": 1.3056076397788274e-07, "mae_GD_for_solv1x0.7_std": NaN, "mse_GD_for_solv1x0.75_mean": 6.545963451192252e-14, "mse_GD_for_solv1x0.75_std": NaN, "mae_GD_for_solv1x0.75_mean": 1.5583960077947268e-07, "mae_GD_for_solv1x0.75_std": NaN, "mse_GD_for_solv1x0.8_mean": 8.801982173721815e-14, "mse_GD_for_solv1x0.8_std": NaN, "mae_GD_for_solv1x0.8_mean": 1.807333944725542e-07, "mae_GD_for_solv1x0.8_std": NaN, "mse_GD_for_solv1x0.85_mean": 1.1733745485659197e-13, "mse_GD_for_solv1x0.85_std": NaN, "mae_GD_for_solv1x0.85_mean": 2.0892517227366625e-07, "mae_GD_for_solv1x0.85_std": NaN, "mse_GD_for_solv1x0.9_mean": 1.4493502155810828e-13, "mse_GD_for_solv1x0.9_std": NaN, "mae_GD_for_solv1x0.9_mean": 2.3666326853799546e-07, "mae_GD_for_solv1x0.9_std": NaN, "mse_GD_for_solv1x0.95_mean": 1.785789533826146e-13, "mse_GD_for_solv1x0.95_std": NaN, "mae_GD_for_solv1x0.95_mean": 2.628382844704902e-07, "mae_GD_for_solv1x0.95_std": NaN, "mse_GD_for_solv1x1.0_mean": 1.4746863728729866e-15, "mse_GD_for_solv1x1.0_std": NaN, "mae_GD_for_solv1x1.0_mean": 1.6770876243299426e-08, "mae_GD_for_solv1x1.0_std": NaN}